{
  "name": "vecAssembler_2b5ad06fd58b",
  "shape": {
    "inputs": [{
      "port": "input0",
      "name": "age"
    }, {
      "port": "input1",
      "name": "isex"
    }, {
      "port": "input2",
      "name": "sbp"
    }, {
      "port": "input3",
      "name": "rr"
    }, {
      "port": "input4",
      "name": "spo2"
    }, {
      "port": "input5",
      "name": "t"
    }, {
      "port": "input6",
      "name": "hr"
    }],
    "outputs": [{
      "port": "output",
      "name": "features"
    }]
  }
}