{"type":"internal","split":{"type":"continuous","featureIndex":4,"threshold":91.5}}
{"type":"leaf","values":[10713.0,0.0,0.0]}
{"type":"internal","split":{"type":"continuous","featureIndex":5,"threshold":34.94410748550676}}
{"type":"leaf","values":[4540.0,0.0,0.0]}
{"type":"internal","split":{"type":"continuous","featureIndex":6,"threshold":110.5}}
{"type":"internal","split":{"type":"continuous","featureIndex":3,"threshold":24.5}}
{"type":"internal","split":{"type":"continuous","featureIndex":3,"threshold":8.5}}
{"type":"leaf","values":[1805.0,0.0,0.0]}
{"type":"internal","split":{"type":"continuous","featureIndex":2,"threshold":219.5}}
{"type":"internal","split":{"type":"continuous","featureIndex":2,"threshold":89.5}}
{"type":"leaf","values":[960.0,0.0,0.0]}
{"type":"leaf","values":[756.0,9446.0,2518.0]}
{"type":"leaf","values":[1021.0,0.0,0.0]}
{"type":"leaf","values":[1867.0,0.0,0.0]}
{"type":"internal","split":{"type":"continuous","featureIndex":6,"threshold":131.5}}
{"type":"internal","split":{"type":"continuous","featureIndex":3,"threshold":24.5}}
{"type":"internal","split":{"type":"continuous","featureIndex":3,"threshold":8.5}}
{"type":"leaf","values":[525.0,0.0,0.0]}
{"type":"internal","split":{"type":"continuous","featureIndex":2,"threshold":219.5}}
{"type":"leaf","values":[548.0,0.0,3398.0]}
{"type":"leaf","values":[320.0,0.0,0.0]}
{"type":"leaf","values":[560.0,0.0,0.0]}
{"type":"leaf","values":[1023.0,0.0,0.0]}
